{
    "loss": 33.45747375488281,
    "accuracy": 0.3333333432674408
}