{
    "loss": 19.32320785522461,
    "accuracy": 0.3333333432674408
}